[
    {
      "front_face_card": {
        "ty": "imagecard",
        "list": [],
        "image": {
          "imgPath": "assets/images",
          "imgName": "hand shake.png"
        },
        "header": "Click on card to see popover content",
        "linkInfo": [{
          "linkLabel": "Set as recurring",
          "linkAction": ""
        }],
        "buttonListTile": [{
          "buttonName": "KNOW YOUR RM",
          "buttonId": "Edit",
          "buttonStyle": "primary",
          "buttonAction": "",
          "buttonType": "C",
          "buttonActive": ""
        }]
      },
      "back_face_card": {
        "ty": "detailscard",
        "intial": "true",
        "list": [{
          "label": "Name",
          "value": "rama"
        },
        {
          "label": "Email ID",
          "value": "rama@gamil.com"
        },
        {
          "label": "Contact No",
          "value": "999232676"
        }
        ],
        "image": {
        },
        "header": "Know your RM",
        "linkInfo": [],
        "buttonListTile": [{
          "buttonName": "OK",
          "buttonId": "Edit",
          "buttonStyle": "primary",
          "buttonAction": "",
          "buttonType": "C",
          "buttonActive": ""
        }]
      }
    },
    {
      "front_face_card": {
        "ty": "imagecard",
        "list": [],
        "image": {
          "imgPath": "assets/images",
          "imgName": "hand shake.png"
        },
        "header": "Reach your relationship Manager",
        "linkInfo": [{
          "linkLabel": "Set as recurring",
          "linkAction": ""
        }],
        "buttonListTile": [{
          "buttonName": "KNOW YOUR RM",
          "buttonId": "Edit",
          "buttonStyle": "primary",
          "buttonAction": "",
          "buttonType": "C",
          "buttonActive": ""
        }]
      },
      "back_face_card": {
        "ty": "detailscard",
        "intial": "true",
        "list": [{
          "label": "Name",
          "value": "rama"
        },
        {
          "label": "Email ID",
          "value": "rama@gamil.com"
        },
        {
          "label": "Contact No",
          "value": "999232676"
        }
        ],
        "image": {
        },
        "header": "Know your RM",
        "linkInfo": [],
        "buttonListTile": [{
          "buttonName": "OK",
          "buttonId": "Edit",
          "buttonStyle": "primary",
          "buttonAction": "",
          "buttonType": "C",
          "buttonActive": ""
        }]
      }
    }
  ]